2 livello,Gr. resp. pian. man.
BRS-BRT3,BS1
ESS-ESN5,E15
ITS-03S2,IS0
ITS-0BAR,IS0
ITS-0BEN,IS0
ITS-0BOR,IS0
ITS-0BRE,IS0
ITS-0CA1,IS0
ITS-0CA4,IS0
ITS-0CH1,IS0
ITS-0CH2,IS0
ITS-0COL,IS0
ITS-0COR,IS0
ITS-0CZS,ITS
ITS-0DON,IS0
ITS-0EDO,ITS
ITS-0FEL,IS0
ITS-0FFS,IS0
ITS-0FI2,IS0
ITS-0FOR,IS0
ITS-0FUR,IS0
ITS-0FVU,IS0
ITS-0GEL,IS0
ITS-0GFS,ITS
ITS-0IS2,ITS
ITS-0ISS,ITS
ITS-0LAR,IS0
ITS-0MAN,IS0
ITS-0MOG,IS0
ITS-0MOM,IS0
ITS-0PRA,IS0
ITS-0PTR,ITS
ITS-0PTS,ITS
ITS-0SAN,IS0
ITS-0SAV,IS0
ITS-0ST1,IS0
ITS-0TRS,ITS
